{
    "hash": "6040a9302d38b4f1ddee603edfb999cb2cadf4231f17ab77cd6b3341b5a3ac95",
    "num_rows": 1000,
    "num_columns": 10,
    "columns": [
        {
            "name": "ID",
            "feature_type": "NUMERIC",
            "internal_dtype": "int64",
            "stats": {
                "missing_rate": 0.0,
                "min": 0.0,
                "max": 999.0,
                "mean": 499.5,
                "median": 499.5,
                "std": 288.8194360957494,
                "mad": 250.0,
                "skewness": 0.0,
                "kurtosis": -1.2,
                "histogram": {
                    "bins": [
                        100.0,
                        100.0,
                        100.0,
                        100.0,
                        100.0,
                        100.0,
                        100.0,
                        100.0,
                        100.0,
                        100.0
                    ],
                    "edges": [
                        0.0,
                        99.9,
                        199.8,
                        299.70000000000005,
                        399.6,
                        499.5,
                        599.4000000000001,
                        699.3000000000001,
                        799.2,
                        899.1,
                        999.0
                    ]
                }
            }
        },
        {
            "name": "age",
            "feature_type": "NUMERIC",
            "internal_dtype": "float64",
            "stats": {
                "missing_rate": 0.04,
                "min": 18.0,
                "max": 64.0,
                "mean": 41.246875,
                "median": 41.0,
                "std": 13.62726253803384,
                "mad": 12.0,
                "skewness": -0.020450977968849125,
                "kurtosis": -1.214318975690365,
                "histogram": {
                    "bins": [
                        99.0,
                        86.0,
                        102.0,
                        105.0,
                        76.0,
                        88.0,
                        110.0,
                        77.0,
                        111.0,
                        106.0
                    ],
                    "edges": [
                        18.0,
                        22.6,
                        27.2,
                        31.799999999999997,
                        36.4,
                        41.0,
                        45.599999999999994,
                        50.199999999999996,
                        54.8,
                        59.4,
                        64.0
                    ]
                }
            }
        },
        {
            "name": "awards",
            "feature_type": "NUMERIC",
            "internal_dtype": "int64",
            "stats": {
                "missing_rate": 0.0,
                "min": -194.0,
                "max": 218.0,
                "mean": 11.18,
                "median": 9.0,
                "std": 35.896854795151405,
                "mad": 4.0,
                "skewness": 0.8302842402724265,
                "kurtosis": 15.600665392107002,
                "histogram": {
                    "bins": [
                        6.0,
                        8.0,
                        8.0,
                        13.0,
                        587.0,
                        337.0,
                        9.0,
                        9.0,
                        13.0,
                        10.0
                    ],
                    "edges": [
                        -194.0,
                        -152.8,
                        -111.6,
                        -70.39999999999999,
                        -29.19999999999999,
                        12.0,
                        53.20000000000002,
                        94.40000000000003,
                        135.60000000000002,
                        176.8,
                        218.0
                    ]
                }
            }
        },
        {
            "name": "department",
            "feature_type": "CATEGORICAL",
            "internal_dtype": "object",
            "stats": {
                "missing_rate": 0.0,
                "num_of_categories": 5,
                "mode": "Marketing",
                "frequency_distribution": {
                    "Marketing": 215.0,
                    "Purchasing": 214.0,
                    "HR": 201.0,
                    "Technology": 195.0,
                    "Sales": 175.0
                }
            }
        },
        {
            "name": "entry_date",
            "feature_type": "DATETIME",
            "internal_dtype": "datetime64[ns]",
            "stats": {
                "missing_rate": 0.0
            }
        },
        {
            "name": "gender",
            "feature_type": "CATEGORICAL",
            "internal_dtype": "object",
            "stats": {
                "missing_rate": 0.064,
                "num_of_categories": 3,
                "mode": "female",
                "frequency_distribution": {
                    "female": 481.0,
                    "male": 455.0
                }
            }
        },
        {
            "name": "job_level",
            "feature_type": "NUMERIC",
            "internal_dtype": "int64",
            "stats": {
                "missing_rate": 0.0,
                "min": 1.0,
                "max": 4.0,
                "mean": 2.518,
                "median": 3.0,
                "std": 1.1166570301229124,
                "mad": 1.0,
                "skewness": -0.027929716330807923,
                "kurtosis": -1.3555751862784124,
                "histogram": {
                    "bins": [
                        245.0,
                        245.0,
                        257.0,
                        253.0
                    ],
                    "edges": [
                        1.0,
                        1.75,
                        2.5,
                        3.25,
                        4.0
                    ]
                }
            }
        },
        {
            "name": "rating",
            "feature_type": "NUMERIC",
            "internal_dtype": "int64",
            "stats": {
                "missing_rate": 0.0,
                "min": 1.0,
                "max": 9.0,
                "mean": 4.967,
                "median": 5.0,
                "std": 2.57692676487935,
                "mad": 2.0,
                "skewness": -0.003528936311323224,
                "kurtosis": -1.2204613790396712,
                "histogram": {
                    "bins": [
                        120.0,
                        101.0,
                        112.0,
                        116.0,
                        114.0,
                        104.0,
                        116.0,
                        114.0,
                        103.0
                    ],
                    "edges": [
                        1.0,
                        1.8888888888888888,
                        2.7777777777777777,
                        3.6666666666666665,
                        4.555555555555555,
                        5.444444444444445,
                        6.333333333333333,
                        7.222222222222221,
                        8.11111111111111,
                        9.0
                    ]
                }
            }
        },
        {
            "name": "salary",
            "feature_type": "NUMERIC",
            "internal_dtype": "float64",
            "stats": {
                "missing_rate": 0.056,
                "min": -44144.0,
                "max": 120037.0,
                "mean": 48309.808262711864,
                "median": 48327.0,
                "std": 23539.747408714076,
                "mad": 14128.0,
                "skewness": -0.11391223604820568,